pid,spd,mu_rate,sd_rate,median_lat_ms,reciprobit_r2,ks,express_frac
CIR001,75,6.197109700582389,1.1354957891524367,161.3655475400125,0.9526442619673289,0.16833828144712626,0.1032258064516129
CIR001,100,6.093425347486046,1.1623638541291057,164.11130734744592,0.9640472584771825,0.13457594949388751,0.08227848101265822
CIR001,125,6.207938456669022,1.3597390570367938,161.08407114212397,0.8846320306825927,0.19494275118653148,0.1337579617834395
CIR001,150,6.113712661039491,1.1085391455345452,163.56673194221952,0.9242716971610804,0.16901791187769255,0.07236842105263158
CIR002,75,4.881043846590322,0.9883135972683198,204.87420958091886,0.9567397662146786,0.10167541962850968,0.00625
CIR002,100,4.901015772394626,0.8732179146414123,204.0393351991606,0.9750776458409273,0.09622884361504558,0.0
CIR002,125,4.967269611582403,0.7502338541727264,201.3178422343445,0.9888564139775298,0.07014505575197061,0.006493506493506494
CIR002,150,4.777813410584051,0.8022143281298669,209.3007646101771,0.9884172563685468,0.06499410552731089,0.0
CIR003,75,6.598468049375305,0.9952699303890311,151.55032842731924,0.982984611246883,0.09582592872363727,0.18238993710691823
CIR003,100,6.390811719988219,0.8399433127782051,156.4746457593721,0.9779206392717736,0.08666664968605126,0.07547169811320754
CIR003,125,6.330180715911205,0.9634380075844083,157.97337309604023,0.9568314228273845,0.12923870704443174,0.08125
CIR003,150,6.328283027845388,0.9096576002019996,158.02074521633293,0.9696770692202401,0.11984611248926869,0.09433962264150944
CIR005,75,4.761875708479748,0.7601909985704107,210.0012812638604,0.9968607800600773,0.16152091517230538,0.01935483870967742
CIR005,100,4.768515996590787,0.5615483357234391,209.7088487728556,0.9756300965911451,0.14003764050327938,0.0
CIR005,125,4.760375709233815,0.8096148936081058,210.06745288198073,0.9778539410836762,0.17829128711441788,0.026490066225165563
CIR005,150,4.6376777452343925,0.5321870304961125,215.6251587397561,0.9866471861695737,0.09092866414902612,0.0
CIR006,75,5.298790346214639,1.054328153115459,188.7223186164333,0.9847156997018833,0.08705781144076885,0.006535947712418301
CIR006,100,5.155659657845431,1.0646619410846077,193.96160071937405,0.9881564908208305,0.0732525111278115,0.013157894736842105
CIR006,125,5.002698861092306,1.1001011777959888,199.89210379568132,0.9897861904559332,0.05493822568408435,0.012987012987012988
CIR006,150,4.890490532706123,1.0557279983252326,204.47846556747265,0.9852252403047346,0.06873611186061634,0.0
CIR007,75,6.000119983628247,1.7347712843527678,166.6633338547514,0.9614868868946552,0.1099300510468379,0.25625
CIR007,100,5.871260486365001,1.8012293245000144,170.321177594203,0.976268576081056,0.08957277371241401,0.19375
CIR007,125,5.881493289726985,1.7722490237152495,170.0248475581308,0.9646081465242088,0.10725283440506922,0.2389937106918239
CIR007,150,5.6908915958363355,1.8842179359098767,175.71939003927548,0.9486831590389196,0.12443717582131869,0.21875
CIR008,75,8.431824717955555,1.8128632656122958,118.59829081485789,0.9200880227130629,0.14744432405259855,0.7171052631578947
CIR008,100,8.26795959828957,1.8562170721426248,120.94882517409428,0.9129440111174457,0.18121710303082506,0.632258064516129
CIR008,125,7.9344290139585425,1.9452906660372993,126.03301362212238,0.9581256913222199,0.11888678113325701,0.5751633986928104
CIR008,150,7.996025075552267,2.0599419936327363,125.06213906925902,0.9248003369062952,0.18278534371887956,0.5923566878980892
CIR009,75,5.4581475683394896,1.0094547375036311,183.21234218741102,0.9873197462042693,0.09231136940488813,0.025477707006369428
CIR009,100,5.38346515668508,1.0891615086677089,185.75396531697058,0.9903979551150006,0.09594784918841347,0.03225806451612903
CIR009,125,5.21101757140597,0.9525926549115434,191.901099218553,0.992756733105234,0.09269125740027429,0.025477707006369428
CIR009,150,5.14108637201342,0.970512941180486,194.51141794538006,0.9900051987913104,0.08786182275480803,0.02564102564102564
CIR010,75,5.5609706068601845,0.9593074880977331,179.8247231816635,0.9856003980257017,0.07627549607044337,0.0064516129032258064
CIR010,100,5.600697220458494,1.0642406232856603,178.54919854391562,0.9849169857874013,0.07566574132352322,0.025
CIR010,125,5.507029163901375,0.9503408773275196,181.5861093591094,0.9901432928277072,0.06046757085788301,0.006369426751592357
CIR010,150,5.503298814028339,0.8846945969751021,181.70919548306586,0.9898666081425617,0.0773123919196313,0.01282051282051282
CIR011,75,5.73863916869062,1.0684457800153229,174.2573405653189,0.9912437076454147,0.07017129146595769,0.06875
CIR011,100,5.619354898614229,1.200693253784036,177.95637008913724,0.9787224448532542,0.09413461038017268,0.075
CIR011,125,5.648054194457609,1.1563057254042723,177.05212548797638,0.9924161770837274,0.06344188149750896,0.0625
CIR011,150,5.624778132634542,1.1623094965076393,177.78479015875752,0.9771014392497942,0.08434668039695432,0.06329113924050633
CIR012,75,5.851377823151019,0.920444935763909,170.89991968105235,0.9916341488835271,0.04870542306088682,0.025806451612903226
CIR012,100,5.7632237211802355,0.8925707381651526,173.51399986867293,0.9796204310331273,0.08246981219168681,0.012738853503184714
CIR012,125,5.854067143955016,0.8910629520772845,170.82140935684566,0.9947353899630947,0.0617138315551945,0.046357615894039736
CIR012,150,5.576641127258574,0.8386141061174567,179.31941058785523,0.9944646743691572,0.05503936874256693,0.006535947712418301
CIR013,75,5.581648616433293,0.6888421941684014,179.15853696985425,0.9601432746706374,0.11432204242157479,0.0
CIR013,100,5.528312303038462,0.7154223106798979,180.8870311922106,0.9726100383975498,0.08402336491576401,0.0
CIR013,125,5.551811499009569,0.8959959630985346,180.1213892399621,0.9920179409890533,0.08262675831115818,0.0125
CIR013,150,5.475334496391113,0.7705124033153753,182.6372435618531,0.9896050921391882,0.07308192762520982,0.0
CIR014,75,5.741525702559061,0.6770428313806692,174.16973323907425,0.9971341599024757,0.0385211676949867,0.0
CIR014,100,5.844464975463923,0.7346356350318347,171.10206053046315,0.9915563157416474,0.07043585917832462,0.0
CIR014,125,5.763672478135495,0.7173091679765787,173.50049014643048,0.9964684878235203,0.04135300458778257,0.0
CIR014,150,5.717238246254151,0.8074523003707865,174.90962540439608,0.9860800174184369,0.06029778833489596,0.0125
CIR015,75,5.293516134020659,1.0716981607259337,188.9103527187053,0.9426347091727417,0.12131970110067125,0.0379746835443038
CIR015,100,5.212463067956331,1.0961984432801484,191.84788207853404,0.8604887459569989,0.17776784695551273,0.04487179487179487
CIR015,125,5.060931698437722,0.9417595103571834,197.5920758441956,0.978774716977901,0.09968018394381128,0.025477707006369428
CIR015,150,4.974168672971548,0.9357390475224148,201.03861886183364,0.975235891893748,0.14116500218829742,0.0375
CIR016,75,5.6328129620985115,0.9731163053740015,177.53119209331047,0.9941772758316344,0.04671217934527572,0.03125
CIR016,100,5.458540812885335,0.7230400254558945,183.1991431921545,0.978112596755935,0.08528180835750837,0.006289308176100629
CIR016,125,5.450384186880836,0.7571549113934082,183.47330494738637,0.9947745117986562,0.07331034978086592,0.006289308176100629
CIR016,150,5.416564069051261,0.7974125994603175,184.618881499754,0.9832641990643152,0.08399621978473987,0.0125
CIR017,75,5.457904387987658,1.201155840074626,183.22050532818187,0.9779155362124617,0.10595843212386458,0.0472972972972973
CIR017,100,5.530777499054111,1.253465852982632,180.80640564025992,0.9575369565126453,0.09497619929219836,0.04697986577181208
CIR017,125,5.373774613469488,1.0499947378076677,186.08893597686017,0.9957241192909944,0.08412236262030603,0.05333333333333334
CIR017,150,5.3557855406039465,1.1754268563458667,186.7139735933554,0.9818050597244193,0.07621556712286293,0.04
