pid,spd,t0_ms,t0_lo95,t0_hi95,ci_width_ms,floored,conv_div,conv_rhat
CIR001,75,134,131,138,7,0,0,1.003
CIR002,75,175,163,186,23,0,0,1.003
CIR003,75,134,131,138,7,0,0,1.003
CIR005,75,143,134,153,19,0,0,1.003
CIR006,75,149,138,160,22,0,0,1.003
CIR007,75,150,139,160,21,0,0,1.003
CIR008,75,134,131,138,7,0,0,1.003
CIR009,75,138,132,145,13,0,0,1.003
CIR010,75,156,145,167,22,0,0,1.003
CIR011,75,140,133,147,14,0,0,1.003
CIR012,75,136,132,141,9,0,0,1.003
CIR013,75,178,164,189,25,0,0,1.003
CIR014,75,140,133,147,14,0,0,1.003
CIR015,75,146,136,155,19,0,0,1.003
CIR016,75,156,146,166,20,0,0,1.003
CIR017,75,138,133,146,13,0,0,1.003
CIR001,100,137,132,143,11,0,0,1.003
CIR002,100,181,169,192,23,0,0,1.003
CIR003,100,147,138,155,17,0,0,1.003
CIR005,100,142,134,151,17,0,0,1.003
CIR006,100,145,136,154,18,0,0,1.003
CIR007,100,153,141,165,24,0,0,1.003
CIR008,100,145,136,154,18,0,0,1.003
CIR009,100,142,135,150,15,0,0,1.003
CIR010,100,158,148,167,19,0,0,1.003
CIR011,100,134,131,138,7,0,0,1.003
CIR012,100,139,133,146,13,0,0,1.003
CIR013,100,153,141,163,22,0,0,1.003
CIR014,100,148,139,157,18,0,0,1.003
CIR015,100,143,135,152,17,0,0,1.003
CIR016,100,148,139,156,17,0,0,1.003
CIR017,100,137,132,143,11,0,0,1.003
CIR001,125,138,132,144,12,0,0,1.003
CIR002,125,175,162,186,24,0,0,1.003
CIR003,125,153,143,162,19,0,0,1.003
CIR005,125,151,139,162,23,0,0,1.003
CIR006,125,153,141,165,24,0,0,1.003
CIR007,125,150,139,160,21,0,0,1.003
CIR008,125,152,140,164,24,0,0,1.003
CIR009,125,137,132,142,10,0,0,1.003
CIR010,125,163,151,174,23,0,0,1.003
CIR011,125,145,135,154,19,0,0,1.003
CIR012,125,137,132,142,10,0,0,1.003
CIR013,125,178,166,188,22,0,0,1.003
CIR014,125,153,144,161,17,0,0,1.003
CIR015,125,161,150,171,21,0,0,1.003
CIR016,125,137,132,142,10,0,0,1.003
CIR017,125,144,135,154,19,0,0,1.003
CIR001,150,137,132,142,10,0,0,1.003
CIR002,150,172,158,182,24,0,0,1.003
CIR003,150,148,139,157,18,0,0,1.003
CIR005,150,144,135,154,19,0,0,1.003
CIR006,150,150,139,162,23,0,0,1.003
CIR007,150,145,136,155,19,0,0,1.003
CIR008,150,147,137,158,21,0,0,1.003
CIR009,150,134,131,139,8,0,0,1.003
CIR010,150,160,149,170,21,0,0,1.003
CIR011,150,152,140,163,23,0,0,1.003
CIR012,150,141,134,149,15,0,0,1.003
CIR013,150,177,164,188,24,0,0,1.003
CIR014,150,144,136,151,15,0,0,1.003
CIR015,150,158,146,168,22,0,0,1.003
CIR016,150,152,142,161,19,0,0,1.003
CIR017,150,148,138,159,21,0,0,1.003
