pid,spd,direction,n_hand,n_eye,hrt_median,srt_median,t0,v,a,ks,lead_share,mean_signed_error,lead_share_HRT50,mean_signed_error_HRT50,rho_hrt_vs_signed_error
CIR001,75,Left,77,76,207.0,162.9982,130.0,15.6298,1.2393,0.0664,0.9359,28.096,0.9872,32.7722,-0.3361
CIR001,75,Right,77,79,200.0,166.9998,130.0,13.8995,0.9564,0.1032,0.9872,53.3129,1.0,49.3527,-0.1247
CIR001,100,Left,78,79,212.5,164.999,130.0,17.2013,1.4155,0.0729,0.9359,28.2391,1.0,32.4224,-0.3735
CIR001,100,Right,78,79,199.0,163.9938,130.0,14.5913,1.0008,0.086,1.0,50.1636,1.0,44.8228,-0.3189
CIR001,125,Left,80,77,212.5,169.9982,132.5494,15.0944,1.2279,0.0694,0.95,26.1069,0.9875,28.9854,-0.3463
CIR001,125,Right,76,80,194.0,159.0042,152.278,12.7076,0.5659,0.0786,0.9872,48.4868,1.0,41.2994,-0.2619
CIR001,150,Left,80,72,213.0,165.4987,154.8247,12.7382,0.76,0.0637,0.95,24.0534,0.9875,25.7585,-0.3094
CIR001,150,Right,79,80,198.0,161.0031,130.0,16.9152,1.1606,0.0527,1.0,43.7625,1.0,36.1371,-0.413
CIR002,75,Left,80,80,248.0,187.0041,205.2353,10.4353,0.4889,0.0784,0.925,21.4089,0.9875,22.5715,-0.3927
CIR002,75,Right,80,80,257.0,219.4977,130.0,17.605,2.2104,0.0905,1.0,36.6915,1.0,36.3822,-0.0325
CIR002,100,Left,80,77,253.0,186.0046,151.842,16.5311,1.6811,0.0704,0.9375,17.7246,1.0,19.7999,-0.451
CIR002,100,Right,80,79,258.5,221.0007,136.6177,18.3726,2.2644,0.0697,1.0,35.5082,1.0,33.7734,-0.0147
CIR002,125,Left,79,76,256.0,186.0027,183.2065,11.1162,0.8433,0.0598,0.8861,12.9647,0.9873,15.5629,-0.3789
CIR002,125,Right,80,78,260.5,219.5015,137.7195,15.8781,1.9263,0.0982,1.0,30.0625,1.0,29.1744,-0.0652
CIR002,150,Left,80,78,259.5,190.0024,198.4609,9.6556,0.6277,0.0691,0.85,10.7888,0.95,12.3464,-0.2451
CIR002,150,Right,80,80,264.0,221.0007,130.0,16.9834,2.2349,0.1015,1.0,28.3927,1.0,26.8841,0.1978
CIR003,75,Left,80,79,223.5,160.9993,130.0,15.3595,1.4209,0.074,0.9875,24.0487,0.9875,21.4686,-0.2807
CIR003,75,Right,80,80,217.5,147.995,130.0,16.9601,1.4823,0.1039,1.0,38.1759,1.0,27.6804,0.0627
CIR003,100,Left,80,79,216.0,155.0064,130.0,16.2401,1.4327,0.0701,0.9125,22.2408,1.0,19.6159,-0.3857
CIR003,100,Right,80,80,212.0,165.5006,164.0274,15.7546,0.7699,0.0773,1.0,36.3625,1.0,27.7228,0.2536
CIR003,125,Left,80,80,215.0,160.0003,140.3049,17.6889,1.3682,0.0832,0.925,19.8237,1.0,16.6701,-0.2429
CIR003,125,Right,80,80,212.5,164.0015,168.3044,12.2586,0.5428,0.0844,1.0,33.5512,1.0,25.2154,0.0792
CIR003,150,Left,80,79,215.5,157.9971,165.1255,11.4124,0.5939,0.0707,0.95,17.6702,0.9625,12.8003,-0.3739
CIR003,150,Right,80,80,210.0,164.0015,140.7141,15.9604,1.1154,0.0642,0.975,28.1239,1.0,21.519,-0.0376
CIR005,75,Left,80,78,230.0,216.0015,130.0,14.1845,1.415,0.0841,1.0,45.71,1.0,31.9205,0.0011
CIR005,75,Right,80,77,273.0,210.0,130.0,10.8049,1.579,0.0703,0.8375,18.197,1.0,28.7539,-0.0109
CIR005,100,Left,80,78,223.5,215.0023,130.0,14.9975,1.3962,0.1089,1.0,42.937,1.0,30.1119,0.0673
CIR005,100,Right,80,77,261.5,211.0062,187.3981,7.6751,0.6417,0.068,0.9,20.6074,1.0,26.3254,0.1112
CIR005,125,Left,80,76,227.0,218.0023,164.1106,11.9098,0.7854,0.0713,1.0,39.9758,1.0,26.6431,-0.0724
CIR005,125,Right,79,75,263.0,211.9999,130.0,11.4635,1.5668,0.0794,0.925,22.5006,0.9875,22.9577,0.1111
CIR005,150,Left,80,76,226.5,222.0001,130.0,14.1944,1.3717,0.0636,1.0,35.8743,1.0,23.1811,0.0576
CIR005,150,Right,80,77,263.5,214.0045,130.0,11.0743,1.4825,0.0902,0.9375,23.5081,1.0,20.6816,0.2096
CIR006,75,Left,80,79,245.0,186.9888,162.3315,8.7645,0.7587,0.0752,1.0,34.2783,1.0,28.3688,-0.1327
CIR006,75,Right,80,74,241.0,185.997,181.8338,7.7698,0.499,0.0708,0.9875,42.3914,1.0,33.6796,-0.0321
CIR006,100,Left,79,75,243.0,202.9991,148.9641,9.7728,0.9797,0.0495,0.9875,29.2907,1.0,25.8069,-0.0077
CIR006,100,Right,80,77,233.5,181.9992,174.964,7.5863,0.4747,0.0787,1.0,44.8186,1.0,36.2826,-0.2188
CIR006,125,Left,79,76,243.0,203.0067,192.934,7.6831,0.4516,0.0684,0.975,23.1136,0.9875,20.8783,0.342
CIR006,125,Right,80,78,229.5,191.5016,171.2431,8.4819,0.5591,0.0831,1.0,42.3509,1.0,35.4509,-0.1016
CIR006,150,Left,80,73,239.5,207.0084,192.3297,6.9544,0.4032,0.0791,0.95,22.0405,1.0,21.483,0.1222
CIR006,150,Right,80,76,232.0,198.9975,141.7122,12.842,1.1341,0.101,1.0,41.1001,1.0,34.136,-0.0961
CIR007,75,Left,79,80,250.0,184.9947,130.0,13.3972,1.6045,0.0752,0.925,24.9454,0.9875,24.3314,-0.2406
CIR007,75,Right,80,80,235.0,148.9983,130.0,12.8734,1.3861,0.0703,0.975,32.7582,0.9875,31.4461,0.0794
CIR007,100,Left,79,80,242.0,176.4975,166.0005,10.5078,0.8174,0.0865,0.8861,24.1212,0.9873,19.3802,-0.3581
CIR007,100,Right,80,80,239.5,193.5005,166.0248,8.1544,0.6443,0.0717,0.9875,30.2848,1.0,29.6077,-0.1363
CIR007,125,Left,79,79,248.0,172.9999,159.6454,9.0184,0.8109,0.0591,0.8608,19.6376,0.9114,14.6322,-0.2532
CIR007,125,Right,80,80,235.5,188.5014,130.0,15.344,1.6629,0.067,0.9875,27.929,1.0,25.6059,-0.0514
CIR007,150,Left,79,80,239.0,192.5001,169.036,7.7821,0.5981,0.1027,0.9241,20.3668,0.9241,12.301,-0.2473
CIR007,150,Right,80,80,241.0,207.9983,164.3988,8.6357,0.7022,0.0675,0.9875,22.4713,0.975,20.6266,-0.1616
CIR008,75,Left,80,77,221.0,109.9997,130.0,11.0817,1.0585,0.0649,0.7125,7.021,0.95,16.8747,0.3781
CIR008,75,Right,79,75,225.0,112.999,180.2477,6.014,0.3548,0.1064,1.0,45.7445,1.0,43.2834,0.0831
CIR008,100,Left,79,78,223.0,113.0015,130.0,12.9933,1.2547,0.1091,0.5625,1.6678,0.975,13.19,0.0867
CIR008,100,Right,78,77,226.5,109.9997,173.8744,7.7464,0.4487,0.0601,1.0,43.9612,1.0,39.5797,0.0163
CIR008,125,Left,80,74,224.0,124.0034,172.3736,8.6073,0.4929,0.0889,0.6125,2.8356,0.9375,11.5647,0.1951
CIR008,125,Right,79,79,229.0,115.9973,182.8397,7.467,0.3784,0.0591,0.9873,39.3269,0.9873,32.5786,0.0703
CIR008,150,Left,78,79,224.5,122.0093,172.0389,8.2021,0.4878,0.0617,0.4487,-0.2568,0.8205,7.7197,0.2737
CIR008,150,Right,79,78,219.0,107.9969,162.0925,9.4522,0.5889,0.0606,0.975,37.5358,0.9875,29.817,0.0502
CIR009,75,Left,73,77,233.0,193.0008,130.0,11.7093,1.1767,0.0959,0.9865,46.5839,1.0,45.3482,-0.2996
CIR009,75,Right,78,80,225.0,180.5,130.0,14.7127,1.4034,0.0648,0.9873,56.7725,0.9873,51.3915,-0.2229
CIR009,100,Left,75,78,228.0,195.9991,164.8145,11.6378,0.7649,0.0727,0.9872,38.2807,0.9872,37.6874,-0.358
CIR009,100,Right,79,77,225.0,187.0041,164.3168,9.5914,0.6151,0.073,1.0,53.5932,1.0,48.9125,-0.1794
CIR009,125,Left,79,79,231.0,206.0013,130.0,14.8961,1.5253,0.0668,1.0,36.1275,1.0,35.7357,-0.2903
CIR009,125,Right,80,78,228.0,187.5038,130.0,13.9119,1.3629,0.1045,1.0,49.6989,1.0,44.3593,-0.0186
CIR009,150,Left,79,78,230.0,214.5042,134.4452,12.7882,1.2765,0.059,0.9747,31.9224,1.0,30.8307,-0.2678
CIR009,150,Right,79,78,224.0,188.0016,183.8493,10.5923,0.4755,0.0807,1.0,45.5231,1.0,40.1065,-0.1689
CIR010,75,Left,79,78,226.0,163.9996,191.3043,11.2476,0.4096,0.0789,0.9875,38.3413,1.0,25.0848,-0.1021
CIR010,75,Right,80,77,252.0,195.9991,130.0,13.9792,1.7347,0.0615,1.0,45.5046,1.0,38.9052,0.1706
CIR010,100,Left,79,80,223.0,164.5012,178.664,14.4283,0.685,0.0793,1.0,34.9168,1.0,23.4525,-0.2337
CIR010,100,Right,79,80,244.0,201.004,130.0,18.01,2.0748,0.0698,0.9875,44.4696,0.9875,37.5296,0.196
CIR010,125,Left,79,79,226.0,165.0009,140.6091,18.1165,1.5636,0.0617,0.9875,33.2034,0.975,20.3055,-0.1315
CIR010,125,Right,80,78,242.5,202.0054,176.0494,10.9918,0.756,0.058,0.9875,44.7884,1.0,35.7159,0.0288
CIR010,150,Left,80,78,223.0,166.5001,147.9867,16.5353,1.2863,0.1028,0.9875,29.7613,0.975,16.843,0.0585
CIR010,150,Right,80,78,240.0,206.501,167.619,16.2387,1.1936,0.0805,1.0,40.5675,1.0,32.4551,0.0967
CIR011,75,Left,78,80,236.0,166.0004,181.8004,9.4907,0.5472,0.0614,0.9359,36.3226,1.0,33.7812,0.0962
CIR011,75,Right,79,80,263.0,191.4978,157.0954,9.5286,1.0625,0.1168,0.9873,54.6466,0.9873,45.198,0.0844
CIR011,100,Left,80,80,234.5,174.4976,130.0,13.6865,1.489,0.057,0.95,34.7182,1.0,32.1619,0.0148
CIR011,100,Right,79,80,270.0,185.5011,180.5821,6.8788,0.672,0.0696,1.0,52.9181,1.0,41.6208,0.1836
CIR011,125,Left,80,80,232.0,166.5001,130.0,14.6556,1.523,0.055,0.95,33.5149,0.9875,28.8977,-0.0564
CIR011,125,Right,78,80,258.0,191.5016,139.2755,9.833,1.2283,0.0646,1.0,51.1658,1.0,39.3765,0.1745
CIR011,150,Left,80,79,228.5,168.9987,151.4641,12.0071,0.9989,0.0856,0.925,25.8511,0.9875,21.8008,0.0595
CIR011,150,Right,79,79,255.0,200.9964,166.1294,8.4902,0.7995,0.0745,1.0,51.1856,1.0,37.0477,0.0146
CIR012,75,Left,80,75,197.0,164.3346,130.0,13.6167,0.9194,0.0605,1.0,35.3536,1.0,30.3474,-0.1088
CIR012,75,Right,80,80,215.5,173.5001,154.8396,12.0897,0.752,0.0698,1.0,29.0183,1.0,28.5499,0.0697
CIR012,100,Left,80,79,193.0,164.0015,146.4483,15.5517,0.7495,0.062,0.9625,36.3481,1.0,30.2061,-0.198
CIR012,100,Right,80,78,215.0,187.4971,130.0,14.8397,1.2662,0.0643,0.975,28.1534,1.0,28.301,0.1514
CIR012,125,Left,80,72,195.0,162.4947,130.0,16.5756,1.0914,0.0822,1.0,34.4471,1.0,26.8015,-0.252
CIR012,125,Right,80,79,206.5,178.9932,130.0,19.7281,1.5422,0.0697,0.975,31.5367,1.0,27.6557,0.029
CIR012,150,Left,80,74,192.0,173.5001,148.3173,15.3947,0.708,0.0842,1.0,36.2781,1.0,24.693,-0.2519
CIR012,150,Right,80,79,206.5,181.9992,155.4076,13.566,0.7432,0.0641,0.975,28.2107,1.0,22.782,0.0857
CIR013,75,Left,80,80,259.0,180.0003,211.6689,9.0184,0.4754,0.0842,0.9875,31.5367,1.0,28.9254,-0.1648
CIR013,75,Right,80,80,280.5,171.9971,167.2252,11.5886,1.3139,0.0767,1.0,34.9549,1.0,33.2262,0.1811
CIR013,100,Left,80,79,258.5,188.0035,151.8573,16.4998,1.7911,0.0823,0.9875,30.3762,0.9875,25.5609,0.2968
CIR013,100,Right,80,80,271.0,169.5004,179.1389,11.4361,1.0626,0.0667,0.9875,36.9231,1.0,33.2287,0.0231
CIR013,125,Left,80,80,257.5,191.0019,202.6888,10.8212,0.6141,0.07,1.0,30.0353,1.0,23.7301,0.141
CIR013,125,Right,80,80,264.5,168.9987,188.6582,13.5289,1.0746,0.0654,0.9875,34.6667,0.9875,29.8611,0.1187
CIR013,150,Left,80,80,258.5,188.5033,130.0,16.5122,2.1225,0.0919,1.0,29.138,1.0,20.9419,0.0599
CIR013,150,Right,80,80,265.0,168.5028,157.3376,14.8251,1.6085,0.0662,0.975,34.7705,1.0,28.0077,0.3497
CIR014,75,Left,80,80,222.0,165.4963,178.239,10.7079,0.5115,0.0586,0.9125,24.067,1.0,26.9744,-0.2993
CIR014,75,Right,80,80,219.0,178.997,130.0,12.4178,1.1572,0.0688,1.0,34.6315,1.0,32.6281,-0.2053
CIR014,100,Left,80,80,215.5,164.9914,130.0,16.9786,1.4634,0.0883,0.85,20.2938,0.9875,24.0049,-0.0184
CIR014,100,Right,80,80,217.0,174.9954,177.899,9.9742,0.4101,0.0689,0.9625,32.3207,1.0,29.953,-0.3121
CIR014,125,Left,79,80,214.0,164.4995,131.7747,20.0,1.6249,0.0729,0.8734,18.3232,1.0,22.7474,-0.0576
CIR014,125,Right,80,80,214.0,179.5006,180.0435,10.6915,0.4197,0.0952,1.0,30.1826,1.0,27.8681,-0.2457
CIR014,150,Left,80,80,213.0,164.5012,139.1686,16.5466,1.2544,0.0666,0.85,17.6687,0.9875,20.9515,-0.1566
CIR014,150,Right,80,80,216.0,178.998,167.6819,13.5789,0.6929,0.0781,0.9875,30.0399,0.9875,25.4598,0.0026
CIR015,75,Left,77,78,245.0,199.9989,130.0,13.9113,1.6061,0.0648,0.9231,23.3056,1.0,31.5786,-0.4047
CIR015,75,Right,80,80,233.0,197.999,158.0312,10.5938,0.8196,0.0847,0.9875,59.6921,0.9875,48.9644,-0.1201
CIR015,100,Left,80,79,244.5,203.0029,163.6195,15.5477,1.2994,0.0762,0.95,20.9532,1.0,27.4012,-0.2869
CIR015,100,Right,80,77,235.5,197.0005,130.0,13.7408,1.4449,0.1007,1.0,56.6726,1.0,45.745,-0.3006
CIR015,125,Left,78,78,239.0,210.5009,174.0694,12.8212,0.8744,0.0732,0.9114,19.3786,1.0,22.7226,-0.343
CIR015,125,Right,79,79,235.0,196.9986,147.0696,14.3511,1.2834,0.0591,0.9875,48.9441,0.9875,38.1484,-0.1006
CIR015,150,Left,80,80,244.5,214.9963,141.81,16.3892,1.6762,0.0963,0.8375,14.5614,0.9875,17.7687,-0.3953
CIR015,150,Right,77,80,235.0,201.9958,130.0,16.0481,1.6438,0.1012,1.0,48.6355,1.0,36.0068,0.1346
CIR016,75,Left,80,80,217.0,173.0003,152.5684,15.1369,1.018,0.0709,0.9875,26.7626,1.0,27.7639,-0.0604
CIR016,75,Right,80,80,216.0,181.4995,181.1074,10.2274,0.4095,0.0713,1.0,32.8577,1.0,33.8491,-0.1503
CIR016,100,Left,80,80,218.0,181.9954,134.9544,20.0,1.7101,0.0635,0.9875,23.0525,1.0,24.9863,-0.1303
CIR016,100,Right,80,79,217.0,180.0003,130.0,16.924,1.4734,0.0925,0.975,30.2886,0.975,29.3305,-0.0472
CIR016,125,Left,80,79,219.5,184.0019,170.7062,13.1821,0.6655,0.0632,0.9875,21.8667,1.0,23.3968,-0.0363
CIR016,125,Right,80,80,218.0,182.9987,147.9158,15.4607,1.079,0.0962,1.0,30.2968,1.0,27.8664,-0.2676
CIR016,150,Left,80,80,219.0,187.0041,172.5492,15.6813,0.7667,0.0743,0.95,17.9926,1.0,19.3255,-0.0091
CIR016,150,Right,79,80,214.0,179.4949,160.9145,12.3259,0.6859,0.0649,1.0,29.5477,1.0,25.6577,-0.1705
CIR017,75,Left,78,74,218.0,185.5049,159.0766,8.7876,0.5692,0.0657,0.9747,33.2412,1.0,32.1751,-0.1226
CIR017,75,Right,79,74,225.0,186.0027,130.0,13.0566,1.2705,0.0635,0.9875,55.2369,0.9875,49.0655,-0.2249
CIR017,100,Left,78,76,224.5,193.5,130.0,13.2757,1.2814,0.0792,1.0,29.8512,1.0,29.3162,-0.0012
CIR017,100,Right,78,73,227.0,186.9965,159.6058,10.37,0.7706,0.0779,1.0,53.6429,1.0,47.2948,-0.2857
CIR017,125,Left,79,75,228.0,191.0019,130.0,12.2922,1.2003,0.0851,0.962,22.5768,1.0,23.9861,-0.0006
CIR017,125,Right,77,75,226.0,191.0019,160.9576,10.0994,0.6984,0.0667,0.9872,46.078,0.9872,38.9091,-0.1822
CIR017,150,Left,80,73,228.0,194.0002,146.5439,10.1454,0.8611,0.0621,0.95,20.5463,0.975,20.0738,-0.0825
CIR017,150,Right,80,77,229.0,188.0035,163.9064,9.797,0.6834,0.053,0.9875,42.3417,1.0,35.5247,-0.3537
