pid,spd,n,t0_fixed_ms,v,a,ks
CIR001,75,155,70,12.838,1.2603,0.1101
CIR002,75,160,70,11.92,1.5806,0.1098
CIR005,75,155,70,17.215,2.5,0.0382
CIR006,75,153,70,11.204,1.3686,0.0655
CIR009,75,157,70,13.234,1.5616,0.0641
CIR010,75,155,70,11.402,1.2726,0.0602
CIR011,75,160,70,9.719,1.0668,0.0713
CIR012,75,155,70,12.535,1.3042,0.0596
CIR013,75,160,70,15.265,1.69,0.1054
CIR014,75,160,70,16.074,1.6985,0.0462
CIR016,75,160,70,11.707,1.3003,0.0547
CIR017,75,148,70,8.781,1.0557,0.0922
CIR001,100,158,70,10.096,1.0033,0.1167
CIR002,100,156,70,11.497,1.5483,0.0744
CIR003,100,159,70,14.892,1.3308,0.0796
CIR005,100,155,70,17.497,2.5,0.0971
CIR006,100,152,70,10.081,1.3128,0.077
CIR007,100,160,70,5.238,0.6023,0.0926
CIR009,100,155,70,11.556,1.4207,0.0486
CIR010,100,160,70,10.666,1.2109,0.0674
CIR011,100,160,70,8.848,1.0159,0.0772
CIR012,100,157,70,11.992,1.2806,0.0889
CIR013,100,159,70,14.262,1.6117,0.0809
CIR014,100,160,70,15.267,1.5645,0.0577
CIR016,100,159,70,17.171,1.946,0.0712
CIR017,100,149,70,8.408,1.0002,0.0864
CIR001,125,157,70,8.975,0.8892,0.1579
CIR002,125,154,70,13.699,1.8194,0.0711
CIR005,125,151,70,17.009,2.5,0.0714
CIR006,125,154,70,8.566,1.1774,0.074
CIR009,125,157,70,12.612,1.6122,0.0564
CIR010,125,157,70,10.799,1.2401,0.0535
CIR011,125,160,70,8.805,0.9985,0.0622
CIR012,125,151,70,13.428,1.4197,0.0591
CIR013,125,160,70,13.749,1.5737,0.069
CIR014,125,160,70,15.404,1.6194,0.0493
CIR015,125,157,70,11.666,1.5829,0.0645
CIR016,125,159,70,15.908,1.8529,0.0428
CIR017,125,150,70,9.925,1.2216,0.0527
CIR001,150,152,70,16.206,1.5875,0.117
CIR002,150,158,70,12.059,1.6878,0.0848
CIR005,150,153,70,16.894,2.5,0.0725
CIR006,150,149,70,8.327,1.1632,0.0819
CIR009,150,156,70,11.407,1.5117,0.0608
CIR010,150,156,70,11.642,1.3533,0.0792
CIR011,150,158,70,8.974,1.0352,0.079
CIR012,150,153,70,13.134,1.4795,0.0717
CIR013,150,160,70,13.114,1.511,0.0716
CIR014,150,160,70,13.089,1.41,0.064
CIR015,150,160,70,13.867,1.9416,0.0784
CIR016,150,160,70,14.047,1.6398,0.0649
CIR017,150,150,70,8.722,1.0848,0.0691
