pid,spd,n,min_srt_ms,slope,tracks_floor,ceiling_bound,eligible,t0_at_40,t0_at_50,t0_at_60,t0_at_70,t0_at_80,t0_at_90
CMT001,0,80,139.0,-0.0,False,False,True,109.8,109.8,109.8,109.8,109.8,109.8
CMT0011,0,109,100.0,1.0,True,False,True,40.0,50.0,60.0,70.0,80.0,90.0
CMT0012,0,96,85.0,0.416,False,False,False,68.3,68.3,68.3,70.0,80.0,90.1
CMT0014,0,99,80.5,0.228,False,False,False,79.0,79.0,79.0,79.0,83.4,92.3
CMT0015,0,114,127.0,-0.0,False,True,True,125.4,125.4,125.4,125.4,125.4,125.4
CMT0016,0,109,84.0,1.014,True,False,False,40.0,50.0,60.0,70.0,80.0,91.0
CMT002,0,116,126.0,0.0,False,False,True,113.6,113.6,113.6,113.6,113.6,113.6
CMT005,0,108,132.0,0.0,False,False,True,117.2,117.2,117.2,117.2,117.2,117.2
CMT007,0,109,84.0,1.004,True,False,False,40.0,50.0,60.0,70.0,80.0,90.3
CMT008,0,110,93.0,0.975,True,False,True,41.7,50.0,60.0,70.0,80.0,90.0
CMT009,0,109,81.0,1.015,True,False,False,40.0,50.0,60.0,70.0,80.0,91.0
CMT010,0,118,102.0,1.0,True,False,True,40.0,50.0,60.0,70.0,80.0,90.0
CMT001,75,90,132.0,0.317,False,False,True,72.4,72.4,72.4,72.4,80.0,90.0
CMT0011,75,99,81.0,1.147,True,False,False,40.0,50.0,60.0,70.0,87.1,96.0
CMT0012,75,91,93.5,0.361,False,False,True,70.5,70.5,70.5,70.5,80.0,90.0
CMT0014,75,107,88.5,0.084,False,False,False,87.5,87.5,87.5,87.5,87.5,93.4
CMT0015,75,114,141.0,0.0,False,False,True,131.7,131.7,131.7,131.7,131.7,131.7
CMT0016,75,109,110.0,1.0,True,False,True,40.0,50.0,60.0,70.0,80.0,90.0
CMT0017,75,117,130.0,1.0,True,False,True,40.0,50.0,60.0,70.0,80.0,90.0
CMT005,75,109,82.0,1.054,True,False,False,40.0,50.0,60.0,70.0,80.0,93.8
CMT009,75,112,88.0,1.034,True,False,False,40.0,50.0,60.0,70.0,80.0,92.4
CMT010,75,117,90.0,1.049,True,False,False,40.0,50.0,60.0,70.0,80.0,93.4
CMT001,150,79,138.0,0.012,False,False,True,89.2,89.2,89.2,89.2,89.2,90.0
CMT0011,150,104,84.0,1.077,True,False,False,40.0,50.0,60.0,70.0,80.0,95.4
CMT0014,150,111,116.5,1.0,True,False,True,40.0,50.0,60.0,70.0,80.0,90.0
CMT0015,150,115,81.0,0.765,True,False,False,59.6,59.6,60.0,70.0,86.2,95.1
CMT0016,150,117,106.0,1.0,True,False,True,40.0,50.0,60.0,70.0,80.0,90.0
CMT0017,150,113,90.0,0.109,False,False,False,88.8,88.8,88.8,88.8,88.8,96.4
CMT002,150,113,127.0,1.0,True,False,True,40.0,50.0,60.0,70.0,80.0,90.0
CMT005,150,110,83.0,0.191,False,False,False,81.8,81.8,81.8,81.8,81.8,95.2
CMT006,150,101,90.0,1.03,True,False,False,40.0,50.0,60.0,70.0,80.0,92.1
CMT009,150,110,93.0,1.0,True,False,True,40.0,50.0,60.0,70.0,80.0,90.0
