pid,spd,n_P1rule,n_QArule,model_P1rule,model_QArule,ks_P1rule,ks_QArule,t0_P1rule,t0_QArule,reg_mode_P1rule,reg_mode_QArule,t0_diff_ms
CIR001,75,155,151,single,mixture,0.1101,0.0801,70.0,,,170.0,
CIR001,100,158,156,single,single,0.1167,0.1188,70.0,70.0,,,0.0
CIR001,125,157,155,single,single,0.1579,0.1515,70.0,70.0,,,0.0
CIR001,150,152,151,single,single,0.1148,0.1136,101.4,101.4,,,0.0
CIR007,100,160,159,single,single,0.0926,0.0925,70.0,70.0,,,0.0
CIR007,125,159,158,mixture,mixture,0.0661,0.0663,,,215.3,215.3,
CIR007,150,160,159,mixture,mixture,0.0496,0.0497,,,229.5,230.8,
CIR008,75,152,151,mixture,mixture,0.0898,0.0902,,,159.7,159.7,
CIR008,100,155,153,mixture,mixture,0.0493,0.0488,,,164.3,164.9,
CIR008,125,153,152,mixture,mixture,0.0586,0.0584,,,167.4,167.6,
CIR008,150,157,155,mixture,mixture,0.0575,0.0594,,,173.2,173.5,
CIR009,75,157,151,single,single,0.0641,0.0654,70.0,70.0,,,0.0
CIR009,100,155,152,single,single,0.0486,0.0502,70.0,70.0,,,0.0
CIR009,125,157,156,single,single,0.0564,0.0566,70.0,70.0,,,0.0
CIR009,150,156,155,single,single,0.0608,0.058,70.0,70.0,,,0.0
CIR011,75,160,157,single,single,0.0713,0.0718,70.0,70.0,,,0.0
CIR011,100,160,159,single,single,0.0772,0.078,70.0,70.0,,,0.0
CIR011,125,160,158,single,single,0.0622,0.0605,70.0,70.0,,,0.0
CIR014,125,160,159,single,single,0.0462,0.0459,93.5,91.9,,,-1.6
CIR015,75,158,156,mixture,mixture,0.0485,0.046,,,207.8,207.9,
CIR015,125,157,156,single,single,0.0645,0.0644,70.0,70.0,,,0.0
CIR015,150,160,157,single,single,0.0784,0.0813,70.0,70.0,,,0.0
CIR017,75,148,147,single,single,0.0922,0.093,70.0,70.0,,,0.0
CIR017,100,149,147,single,single,0.0864,0.0864,70.0,70.0,,,0.0
CIR017,125,150,147,single,single,0.0527,0.0529,70.0,70.0,,,0.0
