pid,spd,v,v_lo,v_hi,a,a_lo,a_hi,w,w_lo,w_hi,t0,t0_lo,t0_hi
CMT001,0,-1.067067455767577,-1.9658162028525252,-0.07351559857612688,0.4304816442202802,0.39470420584104693,0.4619660930251138,0.5431477324061298,0.4932457154979105,0.5909819616746008,185.2901080508195,183.60385567364472,186.66120315217483
CMT0011,0,-0.3589944606218196,-1.180909141081226,0.37206874695210046,0.500392632860601,0.46333142516364656,0.5394818600439664,0.5491208960206976,0.49543005195003187,0.5943787402114498,203.88173727665892,201.60338309141457,205.61739602796035
CMT0012,0,-2.248562595873547,-3.025160012249579,-1.4768731308578305,0.5438067604862699,0.4971476039293172,0.5898236234958261,0.5180953387185192,0.4664298457772789,0.5709425903756358,198.1164549022834,195.19716531541366,201.35755470108575
CMT0014,0,-0.9172257479831942,-1.6511218464105235,-0.14719475250300684,0.5516192910806895,0.5062256341342221,0.5919393688436442,0.527909978986378,0.48029935034459753,0.5886010186542798,186.85647465577716,184.7524409987304,188.7694847688306
CMT0015,0,-3.284001803455506,-4.143725870583073,-2.5023927437972655,0.6609152732907501,0.6115787834101939,0.7166300007311426,0.6346867580954414,0.5807043387349081,0.6958392601536437,148.2640025925378,146.31255514735304,150.1179145240368
CMT0016,0,-1.3231842631519062,-2.1869232516945494,-0.5197368800094098,0.5045604848236284,0.46493140365424984,0.5437573197293953,0.5417381681134575,0.49426591393940505,0.5931945431399199,174.57141665727255,172.63164719187864,176.38816001829233
CMT0017,0,-2.4338798366264855,-3.2505686092957733,-1.6383090667937166,0.560499072339215,0.5120657754501323,0.6049818794418235,0.53072289680686,0.4800933513126083,0.5842995195694356,199.5269729918801,197.16410611874684,201.86108955370275
CMT002,0,-2.425204495282943,-3.3121193487538454,-1.5782557250898699,0.5164568273317474,0.4745524119085833,0.5606409621850714,0.5210069338712999,0.46921270920456015,0.5765345542354504,181.115870878596,178.56850089698784,183.72784051638038
CMT003,0,-1.6707984123188007,-4.688275537409137,0.8509264768987896,0.552798135880005,0.3377031002280974,0.7621053886330733,0.5458350412845678,0.4603437857247046,0.6285591824179985,572.8880469991741,503.93550406423816,616.1751711534855
CMT004,0,-1.691110681740879,-4.141951189988122,1.0804537400871115,0.5498200830621773,0.35834299513969264,0.7801291408721749,0.5457738795570615,0.45934993113359335,0.6234437017939232,572.7587948989813,508.0876654863975,617.1155789978186
CMT005,0,-1.7180332123508233,-4.155779051397026,1.1293547047076127,0.5499116092725744,0.354439378042128,0.7615012327185525,0.5441557768193702,0.45582862856026946,0.6246077037958322,573.0322001227404,511.68618669432095,615.6158391037376
CMT006,0,-1.6985494275862854,-4.2285525714969685,1.159453698063392,0.5481900931459658,0.32713013038978195,0.7538675956298211,0.5462171629859182,0.4693273621763938,0.6305128048230261,574.2573875290677,509.5085083284612,617.7730213857852
CMT007,0,-1.6805764843009132,-4.60777530272995,0.7226450694878108,0.5508546860917006,0.35743927181165003,0.7719789947602017,0.5444023342461465,0.46541314880993834,0.6302809508290733,573.4512083060562,512.174655202454,615.7141727027416
CMT008,0,-1.7321059390748288,-4.414711542253497,1.0458635633718383,0.5483303895803041,0.35456640343288076,0.751020941928882,0.5454301163308697,0.4661232551507934,0.6288768083557632,573.0570739508273,505.55395524638504,617.6038217080273
CMT009,0,-1.7412375230042385,-4.399082145691048,1.083153234118431,0.5491146237003695,0.3438576338767338,0.7554879579560526,0.5454008934719848,0.4643527864961186,0.6286057773482702,573.7692004288513,511.04581607412223,616.2079361620132
CMT010,0,-1.7040592928417977,-4.626301370328056,0.9628956661406058,0.5496373739849262,0.34047943957347465,0.7746747564312427,0.5467569169382146,0.46528314839805224,0.6298601723337823,571.9377907575058,506.9317369593342,616.8928604348724
CMT001,75,1.3221537802960537,0.3205845187874208,2.2791126196041587,0.43241821008062786,0.39840556637664215,0.4669889261703975,0.38682527233404107,0.33764359158502255,0.4303453333879469,177.52584607384074,176.3918907919778,178.5592245058553
CMT0011,75,3.4646433663853715,2.6839952867577406,4.234238191017778,0.6210839510021123,0.5687429565212878,0.6758552402551489,0.3842126458023819,0.3353695590475546,0.42999700916522643,173.64775937078406,170.88659794572752,176.09478624616924
CMT0012,75,1.9015432930730602,1.1291228475848343,2.690206807859825,0.5398555687426537,0.49817484816699825,0.5803106360110556,0.3682429532993444,0.3280278410118717,0.4178714194044583,183.06116814948095,181.18495338677,184.84185481186495
CMT0014,75,5.123799954596961,4.191001744572513,6.0626511907570615,0.5920823133688016,0.5434464153525442,0.6534119939851986,0.35984085724789655,0.31244562763843975,0.4089380076222195,186.78133662492996,184.4734861470721,188.95087616977304
CMT0015,75,0.3078756655059762,-0.4448111446274696,1.113712565829695,0.5497737026914599,0.5062968498973063,0.5910289385128665,0.3994970656840912,0.34859808451777563,0.4476600430959259,153.92810195630022,152.35001579523404,155.44525655873366
CMT0016,75,3.587054543687929,2.691439714254016,4.473965303234237,0.504318594078612,0.4641028613332195,0.5421585007641626,0.35760992087579796,0.3124569909924074,0.400266895390148,171.0556969459348,169.54516313612208,172.32871389184322
CMT0017,75,2.492093103500403,1.8959773430729003,3.1466016952289033,0.7921342956146731,0.7280978478302168,0.8567662743143598,0.33409910365507983,0.2876712689137624,0.3809555528635058,150.67541347593476,148.42819139789367,152.63925151025038
CMT002,75,3.0965709930592213,2.139809376364523,4.007147367671822,0.4642636583161927,0.42934319089642903,0.5049298898308381,0.3574039154017012,0.3144037042681442,0.40244311415456,177.08393048121863,175.58077251416805,178.30453095318492
CMT003,75,2.612444027951076,1.625973692931183,3.522637598324772,0.45319356800041144,0.4180120256209171,0.48937790205343085,0.3745012517505412,0.3323085601052847,0.4250473369424193,196.96522106062338,195.65411894434646,198.16785452600598
CMT004,75,4.609448060470395,3.5735809281522037,5.658087040855838,0.461719131267701,0.42382312714216097,0.5011451897852643,0.34302816101980854,0.3003749777462789,0.3888593741773482,182.04825025416346,180.65147149898985,183.2699975091684
CMT005,75,2.422050054291427,1.869991208516677,3.0313909422509995,0.8277273356536864,0.7627638674940677,0.8985735052538395,0.33877043756975056,0.2902216832596862,0.3803098110403252,149.89564913181977,147.23079912717756,152.36464361488464
CMT006,75,2.4774832129906827,1.683545893231879,3.311914175584401,0.5204835271511392,0.47972289206816277,0.5602212944777443,0.3618936698648519,0.31886757631377444,0.40638303611955073,202.67109366459943,200.73697900414214,204.55664620302178
CMT007,75,2.828520129537859,2.1011672301762987,3.6019492361317713,0.5912584228639742,0.5461240694289533,0.6395642872498714,0.36099978384203096,0.31837436215366777,0.4069194171179321,209.90321409733784,206.9713843733678,212.74589585673397
CMT008,75,2.4881237524958584,1.509921972378139,3.4402893469954985,0.41649444805128744,0.38260100874399955,0.45045261997154146,0.3964891006946496,0.3507058091006111,0.44489117028149805,187.51609074046974,185.97293492351685,188.9415541400133
CMT009,75,2.3589292218216538,1.6111411971935925,3.164715892680368,0.5716186737342478,0.5292990338620166,0.6194559137817038,0.35284368885681666,0.30562197605302893,0.3967284597815532,184.6054377297649,183.16815996045005,186.165088215739
CMT010,75,5.768004158888085,4.78729433288712,6.775733942812659,0.5469623717804972,0.48670927062444225,0.6097936341741401,0.3860309918012964,0.33569541168190203,0.4337576377037377,189.87949735798276,186.45426316363094,193.00907277344652
CMT001,150,0.7207483805832956,-0.13446049860334508,1.4997176251031252,0.5286573780231608,0.4847640746026301,0.5740728132613907,0.37992295169926493,0.3340842084744306,0.43209031774510415,165.7522653787192,163.9982027176624,167.10334522907957
CMT0011,150,3.566770416254404,2.773609044311908,4.435273945317692,0.5668455477219136,0.5179449207554551,0.6176561113920198,0.35992259014643746,0.31871284127602917,0.4053251533980371,191.81607583280544,188.80894237465546,194.88073666139513
CMT0012,150,1.2990496795892046,0.6649809857003124,1.9277037744998133,0.6944061531918423,0.6403595913109275,0.7499493584551846,0.35509328073649726,0.31038372861639957,0.40003123415286657,152.30355267801713,150.1651264473409,154.19280188291833
CMT0014,150,3.1729954239163107,2.5028940018924914,3.8428010218883717,0.7771637677433759,0.7119435227943642,0.8425317526455822,0.33225891506120264,0.2897632679403035,0.3816613512215394,155.53248114542984,152.82021956133391,158.00740132043873
CMT0015,150,0.2812270704996834,-0.5554041339290268,1.0503559128796482,0.5177813626319384,0.47714889283323264,0.5611495131876126,0.3897174202468226,0.3442391806623385,0.4365322801712387,155.97837174563318,154.63097655295306,157.4625903221224
CMT0016,150,2.3685615803821762,1.6520267788361087,3.11645822259076,0.571655505246493,0.5228512931177108,0.617163667322962,0.3494879076516464,0.3039168136788338,0.39182653131322037,156.56357943799085,154.46044569429472,158.7621052895186
CMT0017,150,2.3389054427783176,1.5479623589139555,3.1003447466996974,0.5613107066570737,0.5149965096634658,0.604280396537635,0.3926691288041017,0.3459736895231095,0.44376613057208353,204.0200466672397,201.57324170505763,206.17029146353076
CMT002,150,3.9946979515891154,3.075613406249966,4.952663173209513,0.5217516980463147,0.478548782005258,0.5684126815790246,0.36222098221225063,0.31667979715964323,0.40890112876303686,176.11463766352168,174.16126378440862,177.96171373404414
CMT003,150,2.028430517506041,1.1666079453051172,2.885432882241818,0.5125349953567208,0.4770159670681935,0.5587392536202546,0.36923052335765555,0.32353373361841226,0.4169424434745235,184.52612869293813,182.92130597570738,186.02122841144262
CMT004,150,2.2711552988917347,1.5039443379697128,3.0339288337777197,0.5998207275852103,0.5496066876961441,0.6489243484562768,0.3892461028646904,0.34325610645508,0.4403198023568866,152.4685504610949,150.17967667119726,154.6850798328296
CMT005,150,1.4043171527315053,0.913292489886967,1.947868562024972,0.9319034428067302,0.8617029770669916,1.0089010995268732,0.3802644820646497,0.3319319808386307,0.43032950399695896,165.33439452761783,160.0570098373961,170.05260370140596
CMT006,150,1.341984883248256,0.6158631973782833,2.038594172553597,0.61657704940944,0.5690310117151548,0.6649567279145113,0.3604078781859853,0.3141832666403134,0.40449150195204936,192.17332469982168,189.83993443936507,194.38791179064202
CMT007,150,2.051139447011935,1.5124823264532314,2.7012718256433206,0.8194454496269191,0.7512620811380807,0.8868271495520378,0.34545387557508456,0.29505205512804095,0.39020173066566277,152.4939331983998,149.5608265671845,155.07675818459433
CMT008,150,0.37921229723267197,-0.4127473143335676,1.2008076510563646,0.5412580037538627,0.49890873248882434,0.5881693500831104,0.4491391304708909,0.39293425334126286,0.5135308459706023,156.42062637981877,154.5559342231435,158.45534193339526
CMT009,150,1.6342339025984864,0.8937682162090239,2.4538523893384214,0.5287911558334678,0.4822015734208703,0.5719106389985388,0.38383674749646385,0.34226237747404364,0.4297992193320619,186.0285340386714,183.72122476462056,188.2440871274096
CMT010,150,3.715437201447073,3.0306373192287097,4.363016433383544,0.7279159525240534,0.6645933637302087,0.7959217391503899,0.36034860098528976,0.3147575616931289,0.40275780156714047,155.2956668269067,151.01770997042442,159.2342095183133
