Exp 1 Participant,Exp 1 Saccade NDT (ms),Exp 1 95% low,Exp 1 95% high,Exp 1 Limited by,,Exp 2 Participant,Exp 2 Saccade NDT (ms),Exp 2 95% low,Exp 2 95% high,Exp 2 Limited by
CMT001,71,70,82,70 ms floor,,CIR001,71,70,74,70 ms floor
CMT002,71,70,81,70 ms floor,,CIR002,110,99,114,fastest saccade (ceiling)
CMT003,,,,all cells two-component (not in this model),,CIR003,75,70,87,70 ms floor
CMT004,,,,all cells two-component (not in this model),,CIR005,80,70,93,floor and fastest saccade
CMT005,71,70,76,70 ms floor,,CIR006,81,74,84,fastest saccade (ceiling)
CMT006,71,70,77,70 ms floor,,CIR007,75,70,84,70 ms floor
CMT007,71,70,76,70 ms floor,,CIR008,,,,all cells two-component (not in this model)
CMT008,71,70,73,70 ms floor,,CIR009,74,70,83,70 ms floor
CMT009,70,70,72,70 ms floor,,CIR010,83,72,89,fastest saccade (ceiling)
CMT010,71,70,75,70 ms floor,,CIR011,72,70,76,70 ms floor
CMT0011,71,70,75,70 ms floor,,CIR012,74,70,83,70 ms floor
CMT0012,71,70,73,70 ms floor,,CIR013,91,81,95,fastest saccade (ceiling)
CMT0014,71,70,76,70 ms floor,,CIR014,94,76,107,clear of both bounds
CMT0015,71,70,78,70 ms floor,,CIR015,74,70,84,70 ms floor
CMT0016,71,70,74,70 ms floor,,CIR016,82,71,94,floor and fastest saccade
CMT0017,71,70,79,70 ms floor,,CIR017,72,70,79,70 ms floor
