effector,pid,spd,n,min_rt_ms,eligible,slope,tracks_floor,ceiling_bound,t0_at_90,t0_at_100,t0_at_110,t0_at_120,t0_at_130,t0_at_140,t0_at_40,t0_at_50,t0_at_60,t0_at_70,t0_at_80
HRT,CMT001,0,118,189.0,True,0.139,False,False,130.2,130.2,130.2,130.2,130.2,140.0,,,,,
HRT,CMT0011,0,119,209.0,True,-0.0,False,False,185.9,185.9,185.9,185.9,185.9,185.9,,,,,
HRT,CMT0012,0,119,205.0,True,-0.0,False,False,183.9,183.9,183.9,183.9,183.9,183.9,,,,,
HRT,CMT0014,0,120,191.5,True,-0.0,False,False,176.9,176.9,176.9,176.9,176.9,176.9,,,,,
HRT,CMT0015,0,120,152.0,True,0.396,False,False,119.0,119.0,119.0,120.0,130.0,140.0,,,,,
HRT,CMT0016,0,119,179.0,True,0.056,False,False,136.1,136.1,136.1,136.1,136.1,140.0,,,,,
HRT,CMT0017,0,120,205.0,True,0.0,False,False,173.7,173.7,173.7,173.7,173.7,173.7,,,,,
HRT,CMT002,0,119,187.0,True,0.0,False,False,165.0,165.0,165.0,165.0,165.0,165.0,,,,,
HRT,CMT003,0,120,201.0,True,-0.0,False,False,171.1,171.1,171.1,171.1,171.1,171.1,,,,,
HRT,CMT004,0,120,190.0,True,-0.0,False,False,148.8,148.8,148.8,148.8,148.8,148.8,,,,,
HRT,CMT005,0,119,216.0,True,0.0,False,False,178.7,178.7,178.7,178.7,178.7,178.7,,,,,
HRT,CMT006,0,118,227.0,True,0.0,False,False,191.5,191.5,191.5,191.5,191.5,191.5,,,,,
HRT,CMT007,0,118,229.0,True,-0.0,False,False,170.5,170.5,170.5,170.5,170.5,170.5,,,,,
HRT,CMT008,0,120,197.0,True,-0.0,False,False,188.1,188.1,188.1,188.1,188.1,188.1,,,,,
HRT,CMT009,0,119,203.0,True,0.0,False,False,150.5,150.5,150.5,150.5,150.5,150.5,,,,,
HRT,CMT010,0,120,198.0,True,-0.0,False,False,158.0,158.0,158.0,158.0,158.0,158.0,,,,,
HRT,CMT001,75,117,180.0,True,0.401,False,False,118.9,118.9,118.9,120.0,130.0,140.0,,,,,
HRT,CMT0011,75,118,180.0,True,0.0,False,False,167.9,167.9,167.9,167.9,167.9,167.9,,,,,
HRT,CMT0012,75,120,187.0,True,0.0,False,False,160.1,160.1,160.1,160.1,160.1,160.1,,,,,
HRT,CMT0014,75,120,192.5,True,0.315,False,False,122.5,122.5,122.5,122.5,130.0,140.0,,,,,
HRT,CMT0015,75,119,157.0,True,-0.0,False,False,151.0,151.0,151.0,151.0,151.0,151.0,,,,,
HRT,CMT0016,75,119,174.0,True,0.0,False,False,148.8,148.8,148.8,148.8,148.8,148.8,,,,,
HRT,CMT0017,75,119,155.0,True,0.0,False,True,154.1,154.1,154.1,154.1,154.1,154.1,,,,,
HRT,CMT002,75,116,180.0,True,0.063,False,False,135.6,135.6,135.6,135.6,135.6,140.0,,,,,
HRT,CMT003,75,119,200.0,True,0.475,False,False,116.0,116.0,116.0,120.0,130.0,140.0,,,,,
HRT,CMT004,75,117,185.0,True,-0.0,False,False,151.5,151.5,151.5,151.5,151.5,151.5,,,,,
HRT,CMT005,75,117,155.0,True,-0.0,False,True,154.0,154.0,154.0,154.0,154.0,154.0,,,,,
HRT,CMT006,75,120,207.0,True,-0.0,False,False,179.1,179.1,179.1,179.1,179.1,179.1,,,,,
HRT,CMT007,75,119,216.0,True,0.0,False,False,197.8,197.8,197.8,197.8,197.8,197.8,,,,,
HRT,CMT008,75,120,191.0,True,-0.0,False,False,159.6,159.6,159.6,159.6,159.6,159.6,,,,,
HRT,CMT009,75,120,188.0,True,-0.0,False,False,161.1,161.1,161.1,161.1,161.1,161.1,,,,,
HRT,CMT010,75,119,198.0,True,-0.0,False,False,181.2,181.2,181.2,181.2,181.2,181.2,,,,,
HRT,CMT001,150,115,169.0,True,1.0,True,False,90.0,100.0,110.0,120.0,130.0,140.0,,,,,
HRT,CMT0011,150,117,199.0,True,0.0,False,False,174.5,174.5,174.5,174.5,174.5,174.5,,,,,
HRT,CMT0012,150,120,156.5,True,0.751,True,False,104.7,104.6,110.0,120.0,130.0,140.0,,,,,
HRT,CMT0014,150,117,160.5,True,0.0,False,True,160.0,160.0,160.0,160.0,160.0,160.0,,,,,
HRT,CMT0015,150,119,159.0,True,0.0,False,False,152.4,152.4,152.4,152.4,152.4,152.4,,,,,
HRT,CMT0016,150,113,161.0,True,0.253,False,False,125.2,125.2,125.2,125.2,130.0,140.0,,,,,
HRT,CMT0017,150,120,210.0,True,-0.0,False,False,187.1,187.1,187.1,187.1,187.1,187.1,,,,,
HRT,CMT002,150,116,180.0,True,0.894,True,False,97.4,100.0,110.0,120.0,130.0,140.0,,,,,
HRT,CMT003,150,118,188.0,True,0.777,True,False,103.5,103.5,110.0,120.0,130.0,140.0,,,,,
HRT,CMT004,150,119,158.0,True,0.033,False,False,137.7,137.7,137.7,137.7,137.7,140.0,,,,,
HRT,CMT005,150,119,178.0,True,0.0,False,True,177.6,177.6,177.6,177.6,177.6,177.6,,,,,
HRT,CMT006,150,120,197.0,True,-0.0,False,False,157.4,157.4,157.4,157.4,157.4,157.4,,,,,
HRT,CMT007,150,117,158.0,True,0.0,False,True,157.5,157.5,157.5,157.5,157.5,157.5,,,,,
HRT,CMT008,150,115,161.0,True,0.006,False,False,139.6,139.6,139.6,139.6,139.6,140.0,,,,,
HRT,CMT009,150,120,192.0,True,0.0,False,False,176.8,176.8,176.8,176.8,176.8,176.8,,,,,
HRT,CMT010,150,118,164.0,True,0.926,True,False,95.1,100.0,110.0,120.0,130.0,140.0,,,,,
SRT,CMT001,0,80,139.0,True,-0.0,False,False,109.8,,,,,,109.8,109.8,109.8,109.8,109.8
SRT,CMT0011,0,109,100.0,True,1.0,True,False,90.0,,,,,,40.0,50.0,60.0,70.0,80.0
SRT,CMT0012,0,96,85.0,False,0.416,False,False,90.1,,,,,,68.3,68.3,68.3,70.0,80.0
SRT,CMT0014,0,99,80.5,False,0.228,False,False,92.3,,,,,,79.0,79.0,79.0,79.0,83.4
SRT,CMT0015,0,114,127.0,True,-0.0,False,True,125.4,,,,,,125.4,125.4,125.4,125.4,125.4
SRT,CMT0016,0,109,84.0,False,1.014,True,False,91.0,,,,,,40.0,50.0,60.0,70.0,80.0
SRT,CMT002,0,116,126.0,True,0.0,False,False,113.6,,,,,,113.6,113.6,113.6,113.6,113.6
SRT,CMT005,0,108,132.0,True,0.0,False,False,117.2,,,,,,117.2,117.2,117.2,117.2,117.2
SRT,CMT007,0,109,84.0,False,1.004,True,False,90.3,,,,,,40.0,50.0,60.0,70.0,80.0
SRT,CMT008,0,110,93.0,True,0.975,True,False,90.0,,,,,,41.7,50.0,60.0,70.0,80.0
SRT,CMT009,0,109,81.0,False,1.015,True,False,91.0,,,,,,40.0,50.0,60.0,70.0,80.0
SRT,CMT010,0,118,102.0,True,1.0,True,False,90.0,,,,,,40.0,50.0,60.0,70.0,80.0
SRT,CMT001,75,90,132.0,True,0.317,False,False,90.0,,,,,,72.4,72.4,72.4,72.4,80.0
SRT,CMT0011,75,99,81.0,False,1.147,True,False,96.0,,,,,,40.0,50.0,60.0,70.0,87.1
SRT,CMT0012,75,91,93.5,True,0.361,False,False,90.0,,,,,,70.5,70.5,70.5,70.5,80.0
SRT,CMT0014,75,107,88.5,False,0.084,False,False,93.4,,,,,,87.5,87.5,87.5,87.5,87.5
SRT,CMT0015,75,114,141.0,True,0.0,False,False,131.7,,,,,,131.7,131.7,131.7,131.7,131.7
SRT,CMT0016,75,109,110.0,True,1.0,True,False,90.0,,,,,,40.0,50.0,60.0,70.0,80.0
SRT,CMT0017,75,117,130.0,True,1.0,True,False,90.0,,,,,,40.0,50.0,60.0,70.0,80.0
SRT,CMT005,75,109,82.0,False,1.054,True,False,93.8,,,,,,40.0,50.0,60.0,70.0,80.0
SRT,CMT009,75,112,88.0,False,1.034,True,False,92.4,,,,,,40.0,50.0,60.0,70.0,80.0
SRT,CMT010,75,117,90.0,False,1.049,True,False,93.4,,,,,,40.0,50.0,60.0,70.0,80.0
SRT,CMT001,150,79,138.0,True,0.012,False,False,90.0,,,,,,89.2,89.2,89.2,89.2,89.2
SRT,CMT0011,150,104,84.0,False,1.077,True,False,95.4,,,,,,40.0,50.0,60.0,70.0,80.0
SRT,CMT0014,150,111,116.5,True,1.0,True,False,90.0,,,,,,40.0,50.0,60.0,70.0,80.0
SRT,CMT0015,150,115,81.0,False,0.765,True,False,95.1,,,,,,59.6,59.6,60.0,70.0,86.2
SRT,CMT0016,150,117,106.0,True,1.0,True,False,90.0,,,,,,40.0,50.0,60.0,70.0,80.0
SRT,CMT0017,150,113,90.0,False,0.109,False,False,96.4,,,,,,88.8,88.8,88.8,88.8,88.8
SRT,CMT002,150,113,127.0,True,1.0,True,False,90.0,,,,,,40.0,50.0,60.0,70.0,80.0
SRT,CMT005,150,110,83.0,False,0.191,False,False,95.2,,,,,,81.8,81.8,81.8,81.8,81.8
SRT,CMT006,150,101,90.0,False,1.03,True,False,92.1,,,,,,40.0,50.0,60.0,70.0,80.0
SRT,CMT009,150,110,93.0,True,1.0,True,False,90.0,,,,,,40.0,50.0,60.0,70.0,80.0
