pid,spd,n,model,conv_div,conv_rhat,v,a,t0,t0_lo95,t0_hi95,pi,pi_lo95,pi_hi95,express_mode,express_mode_lo95,express_mode_hi95,reg_mode,reg_mode_lo95,reg_mode_hi95
CIR001,75,155,single,0,1.003,9.338,0.8924,71,70,73,,,,,,,,,
CIR002,75,160,single,0,1.003,7.604,1.0493,77,70,91,,,,,,,,,
CIR005,75,155,single,0,1.003,9.983,1.4314,71,70,73,,,,,,,,,
CIR006,75,153,single,0,1.003,7.947,0.9982,70,70,72,,,,,,,,,
CIR009,75,157,single,0,1.003,8.752,1.0396,71,70,73,,,,,,,,,
CIR010,75,155,single,0,1.003,9.14,0.9417,84,70,103,,,,,,,,,
CIR011,75,160,single,0,1.003,9.222,0.9922,73,70,80,,,,,,,,,
CIR012,75,155,single,0,1.003,10.512,1.0665,74,70,85,,,,,,,,,
CIR013,75,160,single,0,1.003,11.669,0.9598,101,77,117,,,,,,,,,
CIR014,75,160,single,0,1.003,12.442,1.0211,96,73,113,,,,,,,,,
CIR016,75,160,single,0,1.003,9.63,1.0666,72,70,79,,,,,,,,,
CIR017,75,148,single,0,1.003,7.729,0.9303,71,70,76,,,,,,,,,
CIR003,75,159,mixture,0,1.0,,,,,,0.479,0.217,0.754,138,127,150,171,161,179
CIR007,75,160,mixture,0,1.0,,,,,,0.33,0.234,0.43,125,120,131,210,199,221
CIR008,75,152,mixture,0,1.001,,,,,,0.566,0.37,0.735,106,103,108,156,137,178
CIR015,75,158,mixture,0,1.001,,,,,,0.451,0.268,0.648,181,165,197,208,202,215
CIR001,100,158,single,0,1.007,8.847,0.8729,72,70,76,,,,,,,,,
CIR002,100,156,single,0,1.007,8.32,1.024,90,71,115,,,,,,,,,
CIR003,100,159,single,0,1.007,13.2,1.1458,73,70,80,,,,,,,,,
CIR005,100,155,single,0,1.007,14.059,1.9465,74,70,86,,,,,,,,,
CIR006,100,152,single,0,1.007,7.656,1.0072,71,70,72,,,,,,,,,
CIR007,100,160,single,0,1.007,5.175,0.5974,72,70,77,,,,,,,,,
CIR009,100,155,single,0,1.007,8.048,0.9818,71,70,72,,,,,,,,,
CIR010,100,160,single,0,1.007,8.65,0.9888,71,70,73,,,,,,,,,
CIR011,100,160,single,0,1.007,7.762,0.8921,71,70,75,,,,,,,,,
CIR012,100,157,single,0,1.007,10.905,1.1231,75,70,89,,,,,,,,,
CIR013,100,159,single,0,1.007,11.736,1.0828,94,71,121,,,,,,,,,
CIR014,100,160,single,0,1.007,12.477,1.095,88,71,114,,,,,,,,,
CIR016,100,159,single,0,1.007,12.341,1.36,77,70,94,,,,,,,,,
CIR017,100,149,single,0,1.007,7.296,0.8666,71,70,73,,,,,,,,,
CIR008,100,155,mixture,0,1.005,,,,,,0.576,0.413,0.684,105,103,107,163,145,175
CIR015,100,156,mixture,0,1.001,,,,,,0.33,0.214,0.467,181,162,201,208,204,213
CIR001,125,157,single,5,1.002,7.772,0.7534,70,70,71,,,,,,,,,
CIR002,125,154,single,5,1.002,10.587,1.3986,75,70,94,,,,,,,,,
CIR005,125,151,single,5,1.002,9.771,1.4044,71,70,72,,,,,,,,,
CIR006,125,154,single,5,1.002,7.48,1.0381,72,70,76,,,,,,,,,
CIR009,125,157,single,5,1.002,8.975,1.1402,71,70,72,,,,,,,,,
CIR010,125,157,single,5,1.002,9.718,1.1121,73,70,85,,,,,,,,,
CIR011,125,160,single,5,1.002,8.492,0.9576,71,70,75,,,,,,,,,
CIR012,125,151,single,5,1.002,11.281,1.1652,72,70,76,,,,,,,,,
CIR013,125,160,single,5,1.002,10.351,1.1789,71,70,72,,,,,,,,,
CIR014,125,160,single,5,1.002,13.076,1.3132,77,70,100,,,,,,,,,
CIR015,125,157,single,5,1.002,9.232,1.2203,72,70,75,,,,,,,,,
CIR016,125,159,single,5,1.002,11.803,1.3716,71,70,73,,,,,,,,,
CIR017,125,150,single,5,1.002,8.842,1.0728,71,70,75,,,,,,,,,
CIR003,125,160,mixture,0,1.001,,,,,,0.411,0.082,0.681,152,128,163,167,162,172
CIR007,125,159,mixture,0,1.0,,,,,,0.34,0.249,0.439,126,122,132,218,208,229
CIR008,125,153,mixture,0,1.0,,,,,,0.393,0.214,0.625,106,103,110,156,141,178
CIR001,150,152,single,0,1.003,9.252,0.9029,72,70,75,,,,,,,,,
CIR002,150,158,single,0,1.003,8.313,0.9317,105,73,129,,,,,,,,,
CIR005,150,153,single,0,1.003,13.65,1.9125,79,70,98,,,,,,,,,
CIR006,150,149,single,0,1.003,6.544,0.7567,101,72,131,,,,,,,,,
CIR009,150,156,single,0,1.003,9.013,1.1615,72,70,76,,,,,,,,,
CIR010,150,156,single,0,1.003,10.495,1.178,74,70,86,,,,,,,,,
CIR011,150,158,single,0,1.003,8.36,0.9441,72,70,77,,,,,,,,,
CIR012,150,153,single,0,1.003,11.134,1.2229,74,70,84,,,,,,,,,
CIR013,150,160,single,0,1.003,11.034,1.087,89,71,114,,,,,,,,,
CIR014,150,160,single,0,1.003,11.529,1.1331,81,70,101,,,,,,,,,
CIR015,150,160,single,0,1.003,9.081,1.2279,72,70,76,,,,,,,,,
CIR016,150,160,single,0,1.003,10.831,1.1934,79,70,97,,,,,,,,,
CIR017,150,150,single,0,1.003,7.655,0.9479,71,70,74,,,,,,,,,
CIR003,150,159,mixture,0,1.003,,,,,,0.508,0.176,0.775,151,134,161,171,164,177
CIR007,150,160,mixture,0,1.004,,,,,,0.388,0.271,0.546,133,123,154,234,221,249
CIR008,150,157,mixture,0,1.0,,,,,,0.557,0.458,0.644,105,103,107,176,165,187
