pid,t0_ms,t0_lo95,t0_hi95,ci_width_ms,n_cells,min_srt_ms,constraint
CIR001,71,70,74,4,4,82,well-constrained
CIR002,110,99,114,15,4,115,well-constrained
CIR003,75,70,87,17,1,109,well-constrained
CIR005,80,70,93,22,4,95,well-constrained
CIR006,81,74,84,10,4,85,well-constrained
CIR007,75,70,84,14,1,96,well-constrained
CIR009,74,70,83,13,4,89,well-constrained
CIR010,83,72,89,17,4,90,well-constrained
CIR011,72,70,76,6,4,97,well-constrained
CIR012,74,70,83,12,4,111,well-constrained
CIR013,91,81,95,14,4,96,well-constrained
CIR014,94,76,107,31,4,128,well-constrained
CIR015,74,70,84,14,2,114,well-constrained
CIR016,82,71,94,23,4,96,well-constrained
CIR017,72,70,79,9,4,89,well-constrained
