Participant,Target speed (deg/s),Hand NDT (ms)
CIR001,75,134
CIR001,100,137
CIR001,125,138
CIR001,150,137
CIR002,75,175
CIR002,100,181
CIR002,125,175
CIR002,150,172
CIR003,75,134
CIR003,100,147
CIR003,125,153
CIR003,150,148
CIR005,75,143
CIR005,100,142
CIR005,125,151
CIR005,150,144
CIR006,75,149
CIR006,100,145
CIR006,125,153
CIR006,150,150
CIR007,75,150
CIR007,100,153
CIR007,125,150
CIR007,150,145
CIR008,75,134
CIR008,100,145
CIR008,125,152
CIR008,150,147
CIR009,75,138
CIR009,100,142
CIR009,125,137
CIR009,150,134
CIR010,75,156
CIR010,100,158
CIR010,125,163
CIR010,150,160
CIR011,75,140
CIR011,100,134
CIR011,125,145
CIR011,150,152
CIR012,75,136
CIR012,100,139
CIR012,125,137
CIR012,150,141
CIR013,75,178
CIR013,100,153
CIR013,125,178
CIR013,150,177
CIR014,75,140
CIR014,100,148
CIR014,125,153
CIR014,150,144
CIR015,75,146
CIR015,100,143
CIR015,125,161
CIR015,150,158
CIR016,75,156
CIR016,100,148
CIR016,125,137
CIR016,150,152
CIR017,75,138
CIR017,100,137
CIR017,125,144
CIR017,150,148
