Exp 1 Participant,Exp 1 Target speed (deg/s),Exp 1 Hand NDT (ms),Unnamed: 3,Exp 2 Participant,Exp 2 Target speed (deg/s),Exp 2 Hand NDT (ms)
CMT001,0,162,,CIR001,75,134
CMT001,75,153,,CIR001,100,137
CMT001,150,141,,CIR001,125,138
CMT002,0,160,,CIR001,150,137
CMT002,75,152,,CIR002,75,175
CMT002,150,150,,CIR002,100,181
CMT003,0,168,,CIR002,125,175
CMT003,75,170,,CIR002,150,172
CMT003,150,156,,CIR003,75,134
CMT004,0,163,,CIR003,100,147
CMT004,75,161,,CIR003,125,153
CMT004,150,138,,CIR003,150,148
CMT005,0,177,,CIR005,75,143
CMT005,75,134,,CIR005,100,142
CMT005,150,144,,CIR005,125,151
CMT006,0,191,,CIR005,150,144
CMT006,75,179,,CIR006,75,149
CMT006,150,163,,CIR006,100,145
CMT007,0,189,,CIR006,125,153
CMT007,75,183,,CIR006,150,150
CMT007,150,136,,CIR007,75,150
CMT008,0,178,,CIR007,100,153
CMT008,75,169,,CIR007,125,150
CMT008,150,136,,CIR007,150,145
CMT009,0,170,,CIR008,75,134
CMT009,75,158,,CIR008,100,145
CMT009,150,164,,CIR008,125,152
CMT010,0,170,,CIR008,150,147
CMT010,75,171,,CIR009,75,138
CMT010,150,139,,CIR009,100,142
CMT0011,0,178,,CIR009,125,137
CMT0011,75,151,,CIR009,150,134
CMT0011,150,168,,CIR010,75,156
CMT0012,0,180,,CIR010,100,158
CMT0012,75,157,,CIR010,125,163
CMT0012,150,137,,CIR010,150,160
CMT0014,0,163,,CIR011,75,140
CMT0014,75,167,,CIR011,100,134
CMT0014,150,138,,CIR011,125,145
CMT0015,0,135,,CIR011,150,152
CMT0015,75,138,,CIR012,75,136
CMT0015,150,140,,CIR012,100,139
CMT0016,0,154,,CIR012,125,137
CMT0016,75,151,,CIR012,150,141
CMT0016,150,137,,CIR013,75,178
CMT0017,0,174,,CIR013,100,153
CMT0017,75,134,,CIR013,125,178
CMT0017,150,180,,CIR013,150,177
,,,,CIR014,75,140
,,,,CIR014,100,148
,,,,CIR014,125,153
,,,,CIR014,150,144
,,,,CIR015,75,146
,,,,CIR015,100,143
,,,,CIR015,125,161
,,,,CIR015,150,158
,,,,CIR016,75,156
,,,,CIR016,100,148
,,,,CIR016,125,137
,,,,CIR016,150,152
,,,,CIR017,75,138
,,,,CIR017,100,137
,,,,CIR017,125,144
,,,,CIR017,150,148
